<?xml version="1.0" encoding="UTF-8"?>
<root>
  <item name="com.q.constant.MemoryConstants.Unit">
    <annotation name="androidx.annotation.IntDef">
      <val name="value" val="{com.q.constant.MemoryConstants.BYTE, com.q.constant.MemoryConstants.KB, com.q.constant.MemoryConstants.MB, com.q.constant.MemoryConstants.GB}" />
    </annotation>
  </item>
  <item name="com.q.constant.PermissionConstants java.lang.String[] getPermissions(java.lang.String) 0">
    <annotation name="androidx.annotation.StringDef">
      <val name="value" val="{com.q.constant.PermissionConstants.CALENDAR, com.q.constant.PermissionConstants.CAMERA, com.q.constant.PermissionConstants.CONTACTS, com.q.constant.PermissionConstants.LOCATION, com.q.constant.PermissionConstants.MICROPHONE, com.q.constant.PermissionConstants.PHONE, com.q.constant.PermissionConstants.SENSORS, com.q.constant.PermissionConstants.SMS, com.q.constant.PermissionConstants.STORAGE}" />
    </annotation>
  </item>
  <item name="com.q.constant.PermissionConstants.PermissionGroup">
    <annotation name="androidx.annotation.StringDef">
      <val name="value" val="{com.q.constant.PermissionConstants.CALENDAR, com.q.constant.PermissionConstants.CAMERA, com.q.constant.PermissionConstants.CONTACTS, com.q.constant.PermissionConstants.LOCATION, com.q.constant.PermissionConstants.MICROPHONE, com.q.constant.PermissionConstants.PHONE, com.q.constant.PermissionConstants.SENSORS, com.q.constant.PermissionConstants.SMS, com.q.constant.PermissionConstants.STORAGE}" />
    </annotation>
  </item>
  <item name="com.q.constant.TimeConstants.Unit">
    <annotation name="androidx.annotation.IntDef">
      <val name="value" val="{com.q.constant.TimeConstants.MSEC, com.q.constant.TimeConstants.SEC, com.q.constant.TimeConstants.MIN, com.q.constant.TimeConstants.HOUR, com.q.constant.TimeConstants.DAY}" />
    </annotation>
  </item>
</root>

