<?xml version="1.0" encoding="UTF-8"?>
<root>
  <item name="com.q.util.ConvertUtils double byte2MemorySize(long, int) 1">
    <annotation name="androidx.annotation.IntDef">
      <val name="value" val="{com.q.constant.MemoryConstants.BYTE, com.q.constant.MemoryConstants.KB, com.q.constant.MemoryConstants.MB, com.q.constant.MemoryConstants.GB}" />
    </annotation>
  </item>
  <item name="com.q.util.ConvertUtils long memorySize2Byte(long, int) 1">
    <annotation name="androidx.annotation.IntDef">
      <val name="value" val="{com.q.constant.MemoryConstants.BYTE, com.q.constant.MemoryConstants.KB, com.q.constant.MemoryConstants.MB, com.q.constant.MemoryConstants.GB}" />
    </annotation>
  </item>
  <item name="com.q.util.ConvertUtils long millis2TimeSpan(long, int) 1">
    <annotation name="androidx.annotation.IntDef">
      <val name="value" val="{com.q.constant.TimeConstants.MSEC, com.q.constant.TimeConstants.SEC, com.q.constant.TimeConstants.MIN, com.q.constant.TimeConstants.HOUR, com.q.constant.TimeConstants.DAY}" />
    </annotation>
  </item>
  <item name="com.q.util.ConvertUtils long timeSpan2Millis(long, int) 1">
    <annotation name="androidx.annotation.IntDef">
      <val name="value" val="{com.q.constant.TimeConstants.MSEC, com.q.constant.TimeConstants.SEC, com.q.constant.TimeConstants.MIN, com.q.constant.TimeConstants.HOUR, com.q.constant.TimeConstants.DAY}" />
    </annotation>
  </item>
  <item name="com.q.util.LogUtils void file(int, java.lang.Object) 0">
    <annotation name="androidx.annotation.IntDef">
      <val name="value" val="{com.q.util.LogUtils.V, com.q.util.LogUtils.D, com.q.util.LogUtils.I, com.q.util.LogUtils.W, com.q.util.LogUtils.E, com.q.util.LogUtils.A}" />
    </annotation>
  </item>
  <item name="com.q.util.LogUtils void file(int, java.lang.String, java.lang.Object) 0">
    <annotation name="androidx.annotation.IntDef">
      <val name="value" val="{com.q.util.LogUtils.V, com.q.util.LogUtils.D, com.q.util.LogUtils.I, com.q.util.LogUtils.W, com.q.util.LogUtils.E, com.q.util.LogUtils.A}" />
    </annotation>
  </item>
  <item name="com.q.util.LogUtils void json(int, java.lang.Object) 0">
    <annotation name="androidx.annotation.IntDef">
      <val name="value" val="{com.q.util.LogUtils.V, com.q.util.LogUtils.D, com.q.util.LogUtils.I, com.q.util.LogUtils.W, com.q.util.LogUtils.E, com.q.util.LogUtils.A}" />
    </annotation>
  </item>
  <item name="com.q.util.LogUtils void json(int, java.lang.String, java.lang.Object) 0">
    <annotation name="androidx.annotation.IntDef">
      <val name="value" val="{com.q.util.LogUtils.V, com.q.util.LogUtils.D, com.q.util.LogUtils.I, com.q.util.LogUtils.W, com.q.util.LogUtils.E, com.q.util.LogUtils.A}" />
    </annotation>
  </item>
  <item name="com.q.util.LogUtils void xml(int, java.lang.String) 0">
    <annotation name="androidx.annotation.IntDef">
      <val name="value" val="{com.q.util.LogUtils.V, com.q.util.LogUtils.D, com.q.util.LogUtils.I, com.q.util.LogUtils.W, com.q.util.LogUtils.E, com.q.util.LogUtils.A}" />
    </annotation>
  </item>
  <item name="com.q.util.LogUtils void xml(int, java.lang.String, java.lang.String) 0">
    <annotation name="androidx.annotation.IntDef">
      <val name="value" val="{com.q.util.LogUtils.V, com.q.util.LogUtils.D, com.q.util.LogUtils.I, com.q.util.LogUtils.W, com.q.util.LogUtils.E, com.q.util.LogUtils.A}" />
    </annotation>
  </item>
  <item name="com.q.util.LogUtils.Config com.q.util.LogUtils.Config setConsoleFilter(int) 0">
    <annotation name="androidx.annotation.IntDef">
      <val name="value" val="{com.q.util.LogUtils.V, com.q.util.LogUtils.D, com.q.util.LogUtils.I, com.q.util.LogUtils.W, com.q.util.LogUtils.E, com.q.util.LogUtils.A}" />
    </annotation>
  </item>
  <item name="com.q.util.LogUtils.Config com.q.util.LogUtils.Config setFileFilter(int) 0">
    <annotation name="androidx.annotation.IntDef">
      <val name="value" val="{com.q.util.LogUtils.V, com.q.util.LogUtils.D, com.q.util.LogUtils.I, com.q.util.LogUtils.W, com.q.util.LogUtils.E, com.q.util.LogUtils.A}" />
    </annotation>
  </item>
  <item name="com.q.util.LogUtils.OnConsoleOutputListener void onConsoleOutput(int, java.lang.String, java.lang.String) 0">
    <annotation name="androidx.annotation.IntDef">
      <val name="value" val="{com.q.util.LogUtils.V, com.q.util.LogUtils.D, com.q.util.LogUtils.I, com.q.util.LogUtils.W, com.q.util.LogUtils.E, com.q.util.LogUtils.A}" />
    </annotation>
  </item>
  <item name="com.q.util.LogUtils.TYPE">
    <annotation name="androidx.annotation.IntDef">
      <val name="value" val="{com.q.util.LogUtils.V, com.q.util.LogUtils.D, com.q.util.LogUtils.I, com.q.util.LogUtils.W, com.q.util.LogUtils.E, com.q.util.LogUtils.A}" />
    </annotation>
  </item>
  <item name="com.q.util.NotificationUtils.ChannelConfig ChannelConfig(java.lang.String, java.lang.CharSequence, int) 2">
    <annotation name="androidx.annotation.IntDef">
      <val name="value" val="{com.q.util.NotificationUtils.IMPORTANCE_UNSPECIFIED, com.q.util.NotificationUtils.IMPORTANCE_NONE, com.q.util.NotificationUtils.IMPORTANCE_MIN, com.q.util.NotificationUtils.IMPORTANCE_LOW, com.q.util.NotificationUtils.IMPORTANCE_DEFAULT, com.q.util.NotificationUtils.IMPORTANCE_HIGH}" />
    </annotation>
  </item>
  <item name="com.q.util.NotificationUtils.ChannelConfig com.q.util.NotificationUtils.ChannelConfig setImportance(int) 0">
    <annotation name="androidx.annotation.IntDef">
      <val name="value" val="{com.q.util.NotificationUtils.IMPORTANCE_UNSPECIFIED, com.q.util.NotificationUtils.IMPORTANCE_NONE, com.q.util.NotificationUtils.IMPORTANCE_MIN, com.q.util.NotificationUtils.IMPORTANCE_LOW, com.q.util.NotificationUtils.IMPORTANCE_DEFAULT, com.q.util.NotificationUtils.IMPORTANCE_HIGH}" />
    </annotation>
  </item>
  <item name="com.q.util.NotificationUtils.Importance">
    <annotation name="androidx.annotation.IntDef">
      <val name="value" val="{com.q.util.NotificationUtils.IMPORTANCE_UNSPECIFIED, com.q.util.NotificationUtils.IMPORTANCE_NONE, com.q.util.NotificationUtils.IMPORTANCE_MIN, com.q.util.NotificationUtils.IMPORTANCE_LOW, com.q.util.NotificationUtils.IMPORTANCE_DEFAULT, com.q.util.NotificationUtils.IMPORTANCE_HIGH}" />
    </annotation>
  </item>
  <item name="com.q.util.PermissionUtils com.q.util.PermissionUtils permissionGroup(java.lang.String...) 0">
    <annotation name="androidx.annotation.StringDef">
      <val name="value" val="{com.q.constant.PermissionConstants.CALENDAR, com.q.constant.PermissionConstants.CAMERA, com.q.constant.PermissionConstants.CONTACTS, com.q.constant.PermissionConstants.LOCATION, com.q.constant.PermissionConstants.MICROPHONE, com.q.constant.PermissionConstants.PHONE, com.q.constant.PermissionConstants.SENSORS, com.q.constant.PermissionConstants.SMS, com.q.constant.PermissionConstants.STORAGE}" />
    </annotation>
  </item>
  <item name="com.q.util.SnackbarUtils com.q.util.SnackbarUtils setDuration(int) 0">
    <annotation name="androidx.annotation.IntDef">
      <val name="value" val="{com.q.util.SnackbarUtils.LENGTH_INDEFINITE, com.q.util.SnackbarUtils.LENGTH_SHORT, com.q.util.SnackbarUtils.LENGTH_LONG}" />
    </annotation>
  </item>
  <item name="com.q.util.SnackbarUtils.Duration">
    <annotation name="androidx.annotation.IntDef">
      <val name="value" val="{com.q.util.SnackbarUtils.LENGTH_INDEFINITE, com.q.util.SnackbarUtils.LENGTH_SHORT, com.q.util.SnackbarUtils.LENGTH_LONG}" />
    </annotation>
  </item>
  <item name="com.q.util.SpanUtils com.q.util.SpanUtils appendImage(android.graphics.Bitmap, int) 1">
    <annotation name="androidx.annotation.IntDef">
      <val name="value" val="{com.q.util.SpanUtils.ALIGN_BOTTOM, com.q.util.SpanUtils.ALIGN_BASELINE, com.q.util.SpanUtils.ALIGN_CENTER, com.q.util.SpanUtils.ALIGN_TOP}" />
    </annotation>
  </item>
  <item name="com.q.util.SpanUtils com.q.util.SpanUtils appendImage(android.graphics.drawable.Drawable, int) 1">
    <annotation name="androidx.annotation.IntDef">
      <val name="value" val="{com.q.util.SpanUtils.ALIGN_BOTTOM, com.q.util.SpanUtils.ALIGN_BASELINE, com.q.util.SpanUtils.ALIGN_CENTER, com.q.util.SpanUtils.ALIGN_TOP}" />
    </annotation>
  </item>
  <item name="com.q.util.SpanUtils com.q.util.SpanUtils appendImage(android.net.Uri, int) 1">
    <annotation name="androidx.annotation.IntDef">
      <val name="value" val="{com.q.util.SpanUtils.ALIGN_BOTTOM, com.q.util.SpanUtils.ALIGN_BASELINE, com.q.util.SpanUtils.ALIGN_CENTER, com.q.util.SpanUtils.ALIGN_TOP}" />
    </annotation>
  </item>
  <item name="com.q.util.SpanUtils com.q.util.SpanUtils appendImage(int, int) 1">
    <annotation name="androidx.annotation.IntDef">
      <val name="value" val="{com.q.util.SpanUtils.ALIGN_BOTTOM, com.q.util.SpanUtils.ALIGN_BASELINE, com.q.util.SpanUtils.ALIGN_CENTER, com.q.util.SpanUtils.ALIGN_TOP}" />
    </annotation>
  </item>
  <item name="com.q.util.SpanUtils com.q.util.SpanUtils setLineHeight(int, int) 1">
    <annotation name="androidx.annotation.IntDef">
      <val name="value" val="{com.q.util.SpanUtils.ALIGN_BOTTOM, com.q.util.SpanUtils.ALIGN_BASELINE, com.q.util.SpanUtils.ALIGN_CENTER, com.q.util.SpanUtils.ALIGN_TOP}" />
    </annotation>
  </item>
  <item name="com.q.util.SpanUtils com.q.util.SpanUtils setVerticalAlign(int) 0">
    <annotation name="androidx.annotation.IntDef">
      <val name="value" val="{com.q.util.SpanUtils.ALIGN_BOTTOM, com.q.util.SpanUtils.ALIGN_BASELINE, com.q.util.SpanUtils.ALIGN_CENTER, com.q.util.SpanUtils.ALIGN_TOP}" />
    </annotation>
  </item>
  <item name="com.q.util.SpanUtils.Align">
    <annotation name="androidx.annotation.IntDef">
      <val name="value" val="{com.q.util.SpanUtils.ALIGN_BOTTOM, com.q.util.SpanUtils.ALIGN_BASELINE, com.q.util.SpanUtils.ALIGN_CENTER, com.q.util.SpanUtils.ALIGN_TOP}" />
    </annotation>
  </item>
  <item name="com.q.util.TimeUtils java.lang.String getString(java.lang.String, java.text.DateFormat, long, int) 3">
    <annotation name="androidx.annotation.IntDef">
      <val name="value" val="{com.q.constant.TimeConstants.MSEC, com.q.constant.TimeConstants.SEC, com.q.constant.TimeConstants.MIN, com.q.constant.TimeConstants.HOUR, com.q.constant.TimeConstants.DAY}" />
    </annotation>
  </item>
  <item name="com.q.util.TimeUtils java.lang.String getString(java.lang.String, long, int) 2">
    <annotation name="androidx.annotation.IntDef">
      <val name="value" val="{com.q.constant.TimeConstants.MSEC, com.q.constant.TimeConstants.SEC, com.q.constant.TimeConstants.MIN, com.q.constant.TimeConstants.HOUR, com.q.constant.TimeConstants.DAY}" />
    </annotation>
  </item>
  <item name="com.q.util.TimeUtils java.lang.String getString(java.util.Date, java.text.DateFormat, long, int) 3">
    <annotation name="androidx.annotation.IntDef">
      <val name="value" val="{com.q.constant.TimeConstants.MSEC, com.q.constant.TimeConstants.SEC, com.q.constant.TimeConstants.MIN, com.q.constant.TimeConstants.HOUR, com.q.constant.TimeConstants.DAY}" />
    </annotation>
  </item>
  <item name="com.q.util.TimeUtils java.lang.String getString(java.util.Date, long, int) 2">
    <annotation name="androidx.annotation.IntDef">
      <val name="value" val="{com.q.constant.TimeConstants.MSEC, com.q.constant.TimeConstants.SEC, com.q.constant.TimeConstants.MIN, com.q.constant.TimeConstants.HOUR, com.q.constant.TimeConstants.DAY}" />
    </annotation>
  </item>
  <item name="com.q.util.TimeUtils java.lang.String getString(long, java.text.DateFormat, long, int) 3">
    <annotation name="androidx.annotation.IntDef">
      <val name="value" val="{com.q.constant.TimeConstants.MSEC, com.q.constant.TimeConstants.SEC, com.q.constant.TimeConstants.MIN, com.q.constant.TimeConstants.HOUR, com.q.constant.TimeConstants.DAY}" />
    </annotation>
  </item>
  <item name="com.q.util.TimeUtils java.lang.String getString(long, long, int) 2">
    <annotation name="androidx.annotation.IntDef">
      <val name="value" val="{com.q.constant.TimeConstants.MSEC, com.q.constant.TimeConstants.SEC, com.q.constant.TimeConstants.MIN, com.q.constant.TimeConstants.HOUR, com.q.constant.TimeConstants.DAY}" />
    </annotation>
  </item>
  <item name="com.q.util.TimeUtils java.lang.String getStringByNow(long, int) 1">
    <annotation name="androidx.annotation.IntDef">
      <val name="value" val="{com.q.constant.TimeConstants.MSEC, com.q.constant.TimeConstants.SEC, com.q.constant.TimeConstants.MIN, com.q.constant.TimeConstants.HOUR, com.q.constant.TimeConstants.DAY}" />
    </annotation>
  </item>
  <item name="com.q.util.TimeUtils java.lang.String getStringByNow(long, java.text.DateFormat, int) 2">
    <annotation name="androidx.annotation.IntDef">
      <val name="value" val="{com.q.constant.TimeConstants.MSEC, com.q.constant.TimeConstants.SEC, com.q.constant.TimeConstants.MIN, com.q.constant.TimeConstants.HOUR, com.q.constant.TimeConstants.DAY}" />
    </annotation>
  </item>
  <item name="com.q.util.TimeUtils java.util.Date getDate(java.lang.String, java.text.DateFormat, long, int) 3">
    <annotation name="androidx.annotation.IntDef">
      <val name="value" val="{com.q.constant.TimeConstants.MSEC, com.q.constant.TimeConstants.SEC, com.q.constant.TimeConstants.MIN, com.q.constant.TimeConstants.HOUR, com.q.constant.TimeConstants.DAY}" />
    </annotation>
  </item>
  <item name="com.q.util.TimeUtils java.util.Date getDate(java.lang.String, long, int) 2">
    <annotation name="androidx.annotation.IntDef">
      <val name="value" val="{com.q.constant.TimeConstants.MSEC, com.q.constant.TimeConstants.SEC, com.q.constant.TimeConstants.MIN, com.q.constant.TimeConstants.HOUR, com.q.constant.TimeConstants.DAY}" />
    </annotation>
  </item>
  <item name="com.q.util.TimeUtils java.util.Date getDate(java.util.Date, long, int) 2">
    <annotation name="androidx.annotation.IntDef">
      <val name="value" val="{com.q.constant.TimeConstants.MSEC, com.q.constant.TimeConstants.SEC, com.q.constant.TimeConstants.MIN, com.q.constant.TimeConstants.HOUR, com.q.constant.TimeConstants.DAY}" />
    </annotation>
  </item>
  <item name="com.q.util.TimeUtils java.util.Date getDate(long, long, int) 2">
    <annotation name="androidx.annotation.IntDef">
      <val name="value" val="{com.q.constant.TimeConstants.MSEC, com.q.constant.TimeConstants.SEC, com.q.constant.TimeConstants.MIN, com.q.constant.TimeConstants.HOUR, com.q.constant.TimeConstants.DAY}" />
    </annotation>
  </item>
  <item name="com.q.util.TimeUtils java.util.Date getDateByNow(long, int) 1">
    <annotation name="androidx.annotation.IntDef">
      <val name="value" val="{com.q.constant.TimeConstants.MSEC, com.q.constant.TimeConstants.SEC, com.q.constant.TimeConstants.MIN, com.q.constant.TimeConstants.HOUR, com.q.constant.TimeConstants.DAY}" />
    </annotation>
  </item>
  <item name="com.q.util.TimeUtils long getMillis(java.lang.String, java.text.DateFormat, long, int) 3">
    <annotation name="androidx.annotation.IntDef">
      <val name="value" val="{com.q.constant.TimeConstants.MSEC, com.q.constant.TimeConstants.SEC, com.q.constant.TimeConstants.MIN, com.q.constant.TimeConstants.HOUR, com.q.constant.TimeConstants.DAY}" />
    </annotation>
  </item>
  <item name="com.q.util.TimeUtils long getMillis(java.lang.String, long, int) 2">
    <annotation name="androidx.annotation.IntDef">
      <val name="value" val="{com.q.constant.TimeConstants.MSEC, com.q.constant.TimeConstants.SEC, com.q.constant.TimeConstants.MIN, com.q.constant.TimeConstants.HOUR, com.q.constant.TimeConstants.DAY}" />
    </annotation>
  </item>
  <item name="com.q.util.TimeUtils long getMillis(java.util.Date, long, int) 2">
    <annotation name="androidx.annotation.IntDef">
      <val name="value" val="{com.q.constant.TimeConstants.MSEC, com.q.constant.TimeConstants.SEC, com.q.constant.TimeConstants.MIN, com.q.constant.TimeConstants.HOUR, com.q.constant.TimeConstants.DAY}" />
    </annotation>
  </item>
  <item name="com.q.util.TimeUtils long getMillis(long, long, int) 2">
    <annotation name="androidx.annotation.IntDef">
      <val name="value" val="{com.q.constant.TimeConstants.MSEC, com.q.constant.TimeConstants.SEC, com.q.constant.TimeConstants.MIN, com.q.constant.TimeConstants.HOUR, com.q.constant.TimeConstants.DAY}" />
    </annotation>
  </item>
  <item name="com.q.util.TimeUtils long getMillisByNow(long, int) 1">
    <annotation name="androidx.annotation.IntDef">
      <val name="value" val="{com.q.constant.TimeConstants.MSEC, com.q.constant.TimeConstants.SEC, com.q.constant.TimeConstants.MIN, com.q.constant.TimeConstants.HOUR, com.q.constant.TimeConstants.DAY}" />
    </annotation>
  </item>
  <item name="com.q.util.TimeUtils long getTimeSpan(java.lang.String, java.lang.String, int) 2">
    <annotation name="androidx.annotation.IntDef">
      <val name="value" val="{com.q.constant.TimeConstants.MSEC, com.q.constant.TimeConstants.SEC, com.q.constant.TimeConstants.MIN, com.q.constant.TimeConstants.HOUR, com.q.constant.TimeConstants.DAY}" />
    </annotation>
  </item>
  <item name="com.q.util.TimeUtils long getTimeSpan(java.lang.String, java.lang.String, java.text.DateFormat, int) 3">
    <annotation name="androidx.annotation.IntDef">
      <val name="value" val="{com.q.constant.TimeConstants.MSEC, com.q.constant.TimeConstants.SEC, com.q.constant.TimeConstants.MIN, com.q.constant.TimeConstants.HOUR, com.q.constant.TimeConstants.DAY}" />
    </annotation>
  </item>
  <item name="com.q.util.TimeUtils long getTimeSpan(java.util.Date, java.util.Date, int) 2">
    <annotation name="androidx.annotation.IntDef">
      <val name="value" val="{com.q.constant.TimeConstants.MSEC, com.q.constant.TimeConstants.SEC, com.q.constant.TimeConstants.MIN, com.q.constant.TimeConstants.HOUR, com.q.constant.TimeConstants.DAY}" />
    </annotation>
  </item>
  <item name="com.q.util.TimeUtils long getTimeSpan(long, long, int) 2">
    <annotation name="androidx.annotation.IntDef">
      <val name="value" val="{com.q.constant.TimeConstants.MSEC, com.q.constant.TimeConstants.SEC, com.q.constant.TimeConstants.MIN, com.q.constant.TimeConstants.HOUR, com.q.constant.TimeConstants.DAY}" />
    </annotation>
  </item>
  <item name="com.q.util.TimeUtils long getTimeSpanByNow(java.lang.String, int) 1">
    <annotation name="androidx.annotation.IntDef">
      <val name="value" val="{com.q.constant.TimeConstants.MSEC, com.q.constant.TimeConstants.SEC, com.q.constant.TimeConstants.MIN, com.q.constant.TimeConstants.HOUR, com.q.constant.TimeConstants.DAY}" />
    </annotation>
  </item>
  <item name="com.q.util.TimeUtils long getTimeSpanByNow(java.lang.String, java.text.DateFormat, int) 2">
    <annotation name="androidx.annotation.IntDef">
      <val name="value" val="{com.q.constant.TimeConstants.MSEC, com.q.constant.TimeConstants.SEC, com.q.constant.TimeConstants.MIN, com.q.constant.TimeConstants.HOUR, com.q.constant.TimeConstants.DAY}" />
    </annotation>
  </item>
  <item name="com.q.util.TimeUtils long getTimeSpanByNow(java.util.Date, int) 1">
    <annotation name="androidx.annotation.IntDef">
      <val name="value" val="{com.q.constant.TimeConstants.MSEC, com.q.constant.TimeConstants.SEC, com.q.constant.TimeConstants.MIN, com.q.constant.TimeConstants.HOUR, com.q.constant.TimeConstants.DAY}" />
    </annotation>
  </item>
  <item name="com.q.util.TimeUtils long getTimeSpanByNow(long, int) 1">
    <annotation name="androidx.annotation.IntDef">
      <val name="value" val="{com.q.constant.TimeConstants.MSEC, com.q.constant.TimeConstants.SEC, com.q.constant.TimeConstants.MIN, com.q.constant.TimeConstants.HOUR, com.q.constant.TimeConstants.DAY}" />
    </annotation>
  </item>
  <item name="com.q.util.TimeUtils long millis2TimeSpan(long, int) 1">
    <annotation name="androidx.annotation.IntDef">
      <val name="value" val="{com.q.constant.TimeConstants.MSEC, com.q.constant.TimeConstants.SEC, com.q.constant.TimeConstants.MIN, com.q.constant.TimeConstants.HOUR, com.q.constant.TimeConstants.DAY}" />
    </annotation>
  </item>
  <item name="com.q.util.TimeUtils long timeSpan2Millis(long, int) 1">
    <annotation name="androidx.annotation.IntDef">
      <val name="value" val="{com.q.constant.TimeConstants.MSEC, com.q.constant.TimeConstants.SEC, com.q.constant.TimeConstants.MIN, com.q.constant.TimeConstants.HOUR, com.q.constant.TimeConstants.DAY}" />
    </annotation>
  </item>
  <item name="com.q.util.ToastUtils com.q.util.ToastUtils setMode(java.lang.String) 0">
    <annotation name="androidx.annotation.StringDef">
      <val name="value" val="{com.q.util.ToastUtils.MODE.LIGHT, com.q.util.ToastUtils.MODE.DARK}" />
    </annotation>
  </item>
  <item name="com.q.util.ToastUtils.MODE">
    <annotation name="androidx.annotation.StringDef">
      <val name="value" val="{com.q.util.ToastUtils.MODE.LIGHT, com.q.util.ToastUtils.MODE.DARK}" />
    </annotation>
  </item>
  <item name="com.q.util.TouchUtils.Direction">
    <annotation name="androidx.annotation.IntDef">
      <val name="value" val="{com.q.util.TouchUtils.LEFT, com.q.util.TouchUtils.UP, com.q.util.TouchUtils.RIGHT, com.q.util.TouchUtils.DOWN}" />
    </annotation>
  </item>
  <item name="com.q.util.TouchUtils.OnTouchUtilsListener boolean onMove(android.view.View, int, int, int, int, int, int, int, android.view.MotionEvent) 1">
    <annotation name="androidx.annotation.IntDef">
      <val name="value" val="{com.q.util.TouchUtils.LEFT, com.q.util.TouchUtils.UP, com.q.util.TouchUtils.RIGHT, com.q.util.TouchUtils.DOWN}" />
    </annotation>
  </item>
  <item name="com.q.util.TouchUtils.OnTouchUtilsListener boolean onStop(android.view.View, int, int, int, int, int, int, int, android.view.MotionEvent) 1">
    <annotation name="androidx.annotation.IntDef">
      <val name="value" val="{com.q.util.TouchUtils.LEFT, com.q.util.TouchUtils.UP, com.q.util.TouchUtils.RIGHT, com.q.util.TouchUtils.DOWN}" />
    </annotation>
  </item>
</root>

